,url,bias_class,reliability_class,reliability_score,bias_score,outlet,outlet_labels,adfontes_url
1,https://adfontesmedia.com/19th-news-bias-and-reliability/,skews left,"reliable, analysis/fact reporting",45.18,-9.89,19th News,2,https://adfontesmedia.com/19th-news-bias-and-reliability/
2,https://adfontesmedia.com/abc-news-bias-and-reliability/,middle,"reliable, analysis/fact reporting",46.65,-4.69,ABC News,2,https://adfontesmedia.com/abc-news-bias-and-reliability/
3,https://adfontesmedia.com/advocate-magazine-bias-and-reliability-2/,skews left,"generally reliable, analysis or other issues",37.78,-15.03,Advocate Magazine,1,https://adfontesmedia.com/advocate-magazine-bias-and-reliability-2/
4,https://adfontesmedia.com/agence-france-presse-bias-reliability/,middle,"reliable, fact reporting",48.05,-2.01,Agence France-Presse,2,https://adfontesmedia.com/agence-france-presse-bias-reliability/
5,https://adfontesmedia.com/al-com-bias-and-reliability/,middle,"reliable, analysis/fact reporting",46.6,-1.56,AL.com,2,https://adfontesmedia.com/al-com-bias-and-reliability/
6,https://adfontesmedia.com/al-jazeera-bias-and-reliability/,middle,"reliable, analysis/fact reporting",45.69,-4.82,Al Jazeera,2,https://adfontesmedia.com/al-jazeera-bias-and-reliability/
7,https://adfontesmedia.com/alex-jones-show-bias-and-reliability/,most extreme right,"unreliable, inaccurate",6.67,31.67,The Alex Jones Show,0,https://adfontesmedia.com/alex-jones-show-bias-and-reliability/
8,https://adfontesmedia.com/all-in-with-chris-hayes-bias-and-reliability/,skews left,"generally reliable, analysis or other issues",38.17,-16.0,All In with Chris Hayes,1,https://adfontesmedia.com/all-in-with-chris-hayes-bias-and-reliability/
9,https://adfontesmedia.com/alternet-bias-and-reliability/,hyper-partisan left,"unreliable, problematic",23.28,-19.34,AlterNet,0,https://adfontesmedia.com/alternet-bias-and-reliability/
10,https://adfontesmedia.com/american-conservative-bias-and-reliability/,skews right,"generally reliable, analysis or other issues",32.58,13.66,The American Conservative,1,https://adfontesmedia.com/american-conservative-bias-and-reliability/
11,https://adfontesmedia.com/american-greatness-bias-and-reliability/,hyper-partisan right,"unreliable, problematic",19.75,23.09,American Greatness,0,https://adfontesmedia.com/american-greatness-bias-and-reliability/
12,https://adfontesmedia.com/american-independent-bias-reliability/,skews left,"generally reliable, analysis or other issues",38.49,-14.71,American Independent,1,https://adfontesmedia.com/american-independent-bias-reliability/
13,https://adfontesmedia.com/american-prospect-bias-and-reliability/,skews left,"generally reliable, analysis or other issues",35.21,-14.92,American Prospect,1,https://adfontesmedia.com/american-prospect-bias-and-reliability/
14,https://adfontesmedia.com/american-spectator-bias-and-reliability/,hyper-partisan right,"unreliable, problematic",20.41,23.07,The American Spectator,0,https://adfontesmedia.com/american-spectator-bias-and-reliability/
15,https://adfontesmedia.com/american-thinker-bias-and-reliability/,hyper-partisan right,"unreliable, problematic",19.08,25.29,American Thinker,0,https://adfontesmedia.com/american-thinker-bias-and-reliability/
16,https://adfontesmedia.com/anderson-cooper-360-bias-and-reliability/,skews left,"generally reliable, analysis or other issues",38.71,-13.52,Anderson Cooper 360,1,https://adfontesmedia.com/anderson-cooper-360-bias-and-reliability/
17,https://adfontesmedia.com/ap-bias-and-reliability/,middle,"reliable, fact reporting",49.36,-2.12,AP,2,https://adfontesmedia.com/ap-bias-and-reliability/
18,https://adfontesmedia.com/arizona-daily-star-bias-and-reliability/,middle,"reliable, analysis/fact reporting",45.91,-2.07,Arizona Daily Star,2,https://adfontesmedia.com/arizona-daily-star-bias-and-reliability/
19,https://adfontesmedia.com/army-times-bias-and-reliability/,middle,"reliable, fact reporting",47.8,0.31,Army Times,2,https://adfontesmedia.com/army-times-bias-and-reliability/
20,https://adfontesmedia.com/ars-technica-bias-and-reliability/,middle,"reliable, analysis/fact reporting",46.2,-2.05,ARS Technica,2,https://adfontesmedia.com/ars-technica-bias-and-reliability/
21,https://adfontesmedia.com/aspen-times-bias-and-reliability/,middle,"reliable, analysis/fact reporting",46.32,-0.32,Aspen Times,2,https://adfontesmedia.com/aspen-times-bias-and-reliability/
22,https://adfontesmedia.com/atlanta-black-star-bias-and-reliability/,middle,"reliable, analysis/fact reporting",45.68,-4.95,Atlanta Black Star,2,https://adfontesmedia.com/atlanta-black-star-bias-and-reliability/
23,https://adfontesmedia.com/atlanta-journal-constitution-bias-and-reliability/,middle,"reliable, analysis/fact reporting",45.43,-3.27,Atlanta Journal-Constitution,2,https://adfontesmedia.com/atlanta-journal-constitution-bias-and-reliability/
24,https://adfontesmedia.com/axios-bias-and-reliability/,middle,"reliable, analysis/fact reporting",45.67,-3.97,Axios,2,https://adfontesmedia.com/axios-bias-and-reliability/
25,https://adfontesmedia.com/az-central-bias-and-reliability/,middle,"reliable, analysis/fact reporting",43.55,-5.12,AZ Central,1,https://adfontesmedia.com/az-central-bias-and-reliability/
26,https://adfontesmedia.com/baltimore-sun-bias-and-reliability/,middle,"reliable, analysis/fact reporting",45.78,-5.53,Baltimore Sun,2,https://adfontesmedia.com/baltimore-sun-bias-and-reliability/
27,https://adfontesmedia.com/bbc-bias-and-reliability/,middle,"reliable, analysis/fact reporting",46.4,-2.5,BBC,2,https://adfontesmedia.com/bbc-bias-and-reliability/
28,https://adfontesmedia.com/bearing-arms-bias-and-reliability/,hyper-partisan right,"mixed reliability, opinion or other issues",26.82,19.46,Bearing Arms,0,https://adfontesmedia.com/bearing-arms-bias-and-reliability/
29,https://adfontesmedia.com/before-its-news-bias-and-reliability/,most extreme right,"unreliable, inaccurate",4.67,31.04,Before Its News,0,https://adfontesmedia.com/before-its-news-bias-and-reliability/
30,https://adfontesmedia.com/ben-shapiro-show-bias-and-reliability/,hyper-partisan right,"mixed reliability, opinion or other issues",25.81,20.81,The Ben Shapiro Show,0,https://adfontesmedia.com/ben-shapiro-show-bias-and-reliability/
31,https://adfontesmedia.com/big-league-politics-bias-and-reliability/,hyper-partisan right,"unreliable, problematic",18.46,25.33,Big League Politics,0,https://adfontesmedia.com/big-league-politics-bias-and-reliability/
32,https://adfontesmedia.com/bill-oreilly-bias-and-reliability/,hyper-partisan right,"unreliable, problematic",21.72,25.55,Bill OReilly,0,https://adfontesmedia.com/bill-oreilly-bias-and-reliability/
33,https://adfontesmedia.com/billboard-bias-and-reliability/,middle,"reliable, analysis/fact reporting",40.73,-2.23,Billboard,1,https://adfontesmedia.com/billboard-bias-and-reliability/
34,https://adfontesmedia.com/bipartisan-report-bias-and-reliability/,hyper-partisan left,"unreliable, problematic",21.53,-21.78,Bipartisan Report,0,https://adfontesmedia.com/bipartisan-report-bias-and-reliability/
35,https://adfontesmedia.com/bloomberg-government-bias-and-reliability/,middle,"reliable, fact reporting",47.17,-5.37,Bloomberg Government,2,https://adfontesmedia.com/bloomberg-government-bias-and-reliability/
36,https://adfontesmedia.com/bloomberg-news-bias-and-reliability/,middle,"reliable, analysis/fact reporting",45.71,-2.75,Bloomberg News,2,https://adfontesmedia.com/bloomberg-news-bias-and-reliability/
37,https://adfontesmedia.com/boing-boing-bias-and-reliability/,skews left,"reliable, analysis/fact reporting",39.13,-7.05,Boing Boing,1,https://adfontesmedia.com/boing-boing-bias-and-reliability/
38,https://adfontesmedia.com/boston-globe-bias-and-reliability/,skews left,"reliable, analysis/fact reporting",44.73,-9.63,Boston Globe,2,https://adfontesmedia.com/boston-globe-bias-and-reliability/
39,https://adfontesmedia.com/boston-herald-bias-and-reliability/,skews right,"reliable, analysis/fact reporting",40.34,10.23,Boston Herald,1,https://adfontesmedia.com/boston-herald-bias-and-reliability/
40,https://adfontesmedia.com/breitbart-bias-and-reliability/,skews right,"mixed reliability, opinion or other issues",30.04,17.1,Breitbart,1,https://adfontesmedia.com/breitbart-bias-and-reliability/
41,https://adfontesmedia.com/bring-me-the-news-bias-and-reliability/,middle,"reliable, analysis/fact reporting",46.93,-1.98,Bring Me the News,2,https://adfontesmedia.com/bring-me-the-news-bias-and-reliability/
42,https://adfontesmedia.com/buzzfeed-news-bias-and-reliability/,skews left,"reliable, analysis/fact reporting",43.43,-7.71,BuzzFeed News,1,https://adfontesmedia.com/buzzfeed-news-bias-and-reliability/
43,https://adfontesmedia.com/capitol-weekly-bias-and-reliability/,middle,"generally reliable, analysis or other issues",38.91,-2.4,Capitol Weekly,1,https://adfontesmedia.com/capitol-weekly-bias-and-reliability/
44,https://adfontesmedia.com/cato-institute-bias-and-reliability/,skews right,"reliable, analysis/fact reporting",41.17,6.2,Cato Institute,1,https://adfontesmedia.com/cato-institute-bias-and-reliability/
45,https://adfontesmedia.com/cbs-bias-and-reliability/,middle,"reliable, analysis/fact reporting",46.98,-3.56,CBS News,2,https://adfontesmedia.com/cbs-bias-and-reliability/
46,https://adfontesmedia.com/cfo-bias-and-reliability/,middle,"reliable, fact reporting",47.67,-0.02,CFO,2,https://adfontesmedia.com/cfo-bias-and-reliability/
47,https://adfontesmedia.com/charleston-gazette-mail-bias-and-reliability/,middle,"reliable, analysis/fact reporting",45.43,-3.71,Charleston Gazette-Mail,2,https://adfontesmedia.com/charleston-gazette-mail-bias-and-reliability/
48,https://adfontesmedia.com/chicago-sun-times-bias-and-reliability/,middle,"reliable, analysis/fact reporting",46.84,-4.6,Chicago Sun-Times,2,https://adfontesmedia.com/chicago-sun-times-bias-and-reliability/
49,https://adfontesmedia.com/chicago-tribune-bias-and-reliability-2/,middle,"reliable, analysis/fact reporting",45.84,-3.11,Chicago Tribune,2,https://adfontesmedia.com/chicago-tribune-bias-and-reliability-2/
50,https://adfontesmedia.com/chicks-on-the-right-bias-and-reliability/,hyper-partisan right,"mixed reliability, opinion or other issues",24.18,19.03,Chicks on the Right,0,https://adfontesmedia.com/chicks-on-the-right-bias-and-reliability/
51,https://adfontesmedia.com/christian-broadcasting-network-bias-and-reliability/,skews right,"generally reliable, analysis or other issues",33.34,16.05,CBN,1,https://adfontesmedia.com/christian-broadcasting-network-bias-and-reliability/
52,https://adfontesmedia.com/christian-science-monitor-bias-and-reliability/,middle,"reliable, analysis/fact reporting",45.43,-2.38,Christian Science Monitor,2,https://adfontesmedia.com/christian-science-monitor-bias-and-reliability/
53,https://adfontesmedia.com/christianity-today-bias-and-reliability/,skews right,"reliable, analysis/fact reporting",41.92,6.26,Christianity Today,1,https://adfontesmedia.com/christianity-today-bias-and-reliability/
54,https://adfontesmedia.com/chron-com-bias-and-reliability/,middle,"reliable, fact reporting",48.04,-0.52,Chron.com,2,https://adfontesmedia.com/chron-com-bias-and-reliability/
55,https://adfontesmedia.com/cleveland-com-bias-and-reliability/,middle,"reliable, analysis/fact reporting",46.85,-0.67,Cleveland.com,2,https://adfontesmedia.com/cleveland-com-bias-and-reliability/
56,https://adfontesmedia.com/cnbc/,middle,"reliable, analysis/fact reporting",46.71,-1.83,CNBC,2,https://adfontesmedia.com/cnbc/
57,https://adfontesmedia.com/cnet-bias-and-reliability/,middle,"reliable, analysis/fact reporting",46.0,-0.49,CNET,2,https://adfontesmedia.com/cnet-bias-and-reliability/
58,https://adfontesmedia.com/cnncom-bias-and-reliability/,skews left,"reliable, analysis/fact reporting",42.95,-8.93,CNN,1,https://adfontesmedia.com/cnncom-bias-and-reliability/
59,https://adfontesmedia.com/cnsnews-bias-and-reliability/,skews right,"generally reliable, analysis or other issues",33.75,15.6,CNSNews,1,https://adfontesmedia.com/cnsnews-bias-and-reliability/
60,https://adfontesmedia.com/colorado-daily-bias-and-reliability/,middle,"reliable, analysis/fact reporting",45.38,-2.44,Colorado Daily,2,https://adfontesmedia.com/colorado-daily-bias-and-reliability/
61,https://adfontesmedia.com/columbia-journalism-review-bias-and-reliability/,middle,"reliable, analysis/fact reporting",43.6,-5.98,Columbia Journalism Review,1,https://adfontesmedia.com/columbia-journalism-review-bias-and-reliability/
62,https://adfontesmedia.com/comic-sands-bias-and-reliability/,skews left,"generally reliable, analysis or other issues",31.99,-9.21,Comic Sands,1,https://adfontesmedia.com/comic-sands-bias-and-reliability/
63,https://adfontesmedia.com/common-dreams-bias-and-reliability/,skews left,"reliable, analysis/fact reporting",39.54,-17.88,Common Dreams,1,https://adfontesmedia.com/common-dreams-bias-and-reliability/
64,https://adfontesmedia.com/conservative-review-bias-and-reliability/,hyper-partisan right,"mixed reliability, opinion or other issues",24.48,19.37,Conservative Review,0,https://adfontesmedia.com/conservative-review-bias-and-reliability/
65,https://adfontesmedia.com/consider-this-from-npr-bias-and-reliability/,middle,"reliable, fact reporting",47.89,-3.67,Consider This from NPR,2,https://adfontesmedia.com/consider-this-from-npr-bias-and-reliability/
66,https://adfontesmedia.com/consortium-news-bias-reliability/,hyper-partisan left,"mixed reliability, opinion or other issues",26.97,-19.16,Consortium News,0,https://adfontesmedia.com/consortium-news-bias-reliability/
67,https://adfontesmedia.com/cosmopolitan-bias-and-reliability/,skews left,"mixed reliability, opinion or other issues",28.91,-13.2,Cosmopolitan,0,https://adfontesmedia.com/cosmopolitan-bias-and-reliability/
68,https://adfontesmedia.com/counterpunch-bias-and-reliability/,hyper-partisan left,"mixed reliability, opinion or other issues",29.19,-20.28,CounterPunch,0,https://adfontesmedia.com/counterpunch-bias-and-reliability/
69,https://adfontesmedia.com/crooks-and-liars-bias-and-reliability/,hyper-partisan left,"mixed reliability, opinion or other issues",28.26,-21.68,Crooks and Liars,0,https://adfontesmedia.com/crooks-and-liars-bias-and-reliability/
70,https://adfontesmedia.com/cuomo-prime-time-bias-and-reliability/,skews left,"generally reliable, analysis or other issues",33.47,-18.0,Cuomo Prime Time,1,https://adfontesmedia.com/cuomo-prime-time-bias-and-reliability/
71,https://adfontesmedia.com/current-affairs-bias-and-reliability/,hyper-partisan left,"generally reliable, analysis or other issues",33.39,-18.63,Current Affairs,1,https://adfontesmedia.com/current-affairs-bias-and-reliability/
72,https://adfontesmedia.com/daily-beast-bias-reliability/,skews left,"generally reliable, analysis or other issues",36.65,-15.58,Daily Beast,1,https://adfontesmedia.com/daily-beast-bias-reliability/
73,https://adfontesmedia.com/daily-caller-bias-and-reliability/,skews right,"mixed reliability, opinion or other issues",30.77,16.29,Daily Caller,1,https://adfontesmedia.com/daily-caller-bias-and-reliability/
74,https://adfontesmedia.com/daily-dot-bias-and-reliability/,skews left,"generally reliable, analysis or other issues",36.99,-12.48,Daily Dot,1,https://adfontesmedia.com/daily-dot-bias-and-reliability/
75,https://adfontesmedia.com/daily-herald-chicago-bias-and-reliability/,middle,"reliable, analysis/fact reporting",46.05,-0.19,Daily Herald-Chicago,2,https://adfontesmedia.com/daily-herald-chicago-bias-and-reliability/
76,https://adfontesmedia.com/daily-kos-bias-and-reliability/,hyper-partisan left,"mixed reliability, opinion or other issues",29.83,-18.7,Daily Kos,1,https://adfontesmedia.com/daily-kos-bias-and-reliability/
77,https://adfontesmedia.com/daily-mail-bias-and-reliability/,middle,"mixed reliability, opinion or other issues",30.77,1.93,Daily Mail,1,https://adfontesmedia.com/daily-mail-bias-and-reliability/
78,https://adfontesmedia.com/daily-signal-bias-and-reliability/,hyper-partisan right,"mixed reliability, opinion or other issues",28.76,18.07,Daily Signal,0,https://adfontesmedia.com/daily-signal-bias-and-reliability/
79,https://adfontesmedia.com/daily-torch-bias-and-reliability/,hyper-partisan right,"unreliable, problematic",18.06,20.28,Daily Torch,0,https://adfontesmedia.com/daily-torch-bias-and-reliability/
80,https://adfontesmedia.com/daily-wire-bias-and-reliability/,skews right,"generally reliable, analysis or other issues",33.88,14.3,Daily Wire,1,https://adfontesmedia.com/daily-wire-bias-and-reliability/
81,https://adfontesmedia.com/dallas-morning-news-bias-reliability/,middle,"reliable, analysis/fact reporting",44.06,-2.5,Dallas Morning News,2,https://adfontesmedia.com/dallas-morning-news-bias-reliability/
82,https://adfontesmedia.com/dan-bongino-show-bias-and-reliability/,most extreme right,"unreliable, misleading",14.29,30.52,The Dan Bongino Show,0,https://adfontesmedia.com/dan-bongino-show-bias-and-reliability/
83,https://adfontesmedia.com/deadline-bias-and-reliability/,middle,"reliable, analysis/fact reporting",41.53,-5.63,Deadline,1,https://adfontesmedia.com/deadline-bias-and-reliability/
84,https://adfontesmedia.com/defense-news-bias-and-reliability/,middle,"reliable, analysis/fact reporting",44.78,2.8,Defense News,2,https://adfontesmedia.com/defense-news-bias-and-reliability/
85,https://adfontesmedia.com/democracy-now-bias-and-reliability/,skews left,"generally reliable, analysis or other issues",32.16,-16.82,Democracy Now,1,https://adfontesmedia.com/democracy-now-bias-and-reliability/
86,https://adfontesmedia.com/denver-post-bias-and-reliability/,middle,"reliable, analysis/fact reporting",45.97,-3.17,Denver Post,2,https://adfontesmedia.com/denver-post-bias-and-reliability/
87,https://adfontesmedia.com/deseret-news-bias-and-reliability/,middle,"reliable, analysis/fact reporting",44.29,0.76,Deseret News,2,https://adfontesmedia.com/deseret-news-bias-and-reliability/
88,https://adfontesmedia.com/detroit-free-press-bias-and-reliability/,middle,"reliable, fact reporting",48.09,-4.09,Detroit Free Press,2,https://adfontesmedia.com/detroit-free-press-bias-and-reliability/
89,https://adfontesmedia.com/detroit-news-bias-and-reliability/,middle,"reliable, analysis/fact reporting",46.81,-2.36,Detroit News,2,https://adfontesmedia.com/detroit-news-bias-and-reliability/
90,https://adfontesmedia.com/don-lemon-tonight-bias-and-reliability/,hyper-partisan left,"generally reliable, analysis or other issues",32.06,-20.15,Don Lemon Tonight,1,https://adfontesmedia.com/don-lemon-tonight-bias-and-reliability/
91,https://adfontesmedia.com/education-week-bias-and-reliability/,middle,"reliable, analysis/fact reporting",43.49,-3.79,Education Week,1,https://adfontesmedia.com/education-week-bias-and-reliability/
92,https://adfontesmedia.com/elite-daily-bias-and-reliability/,skews left,"generally reliable, analysis or other issues",34.05,-10.78,Elite Daily,1,https://adfontesmedia.com/elite-daily-bias-and-reliability/
93,https://adfontesmedia.com/elle-bias-and-reliability/,skews left,"generally reliable, analysis or other issues",36.48,-8.51,Elle,1,https://adfontesmedia.com/elle-bias-and-reliability/
94,https://adfontesmedia.com/engadget-bias-and-reliability/,middle,"reliable, analysis/fact reporting",45.16,-1.59,Engadget,2,https://adfontesmedia.com/engadget-bias-and-reliability/
95,https://adfontesmedia.com/epoch-times-bias-and-reliability/,hyper-partisan right,"unreliable, problematic",21.54,20.85,Epoch Times,0,https://adfontesmedia.com/epoch-times-bias-and-reliability/
96,https://adfontesmedia.com/esquire-bias-and-reliability/,skews left,"mixed reliability, opinion or other issues",28.68,-17.59,Esquire,0,https://adfontesmedia.com/esquire-bias-and-reliability/
97,https://adfontesmedia.com/face-the-nation-bias-and-reliability/,middle,"reliable, fact reporting",48.78,-4.44,Face the Nation,2,https://adfontesmedia.com/face-the-nation-bias-and-reliability/
98,https://adfontesmedia.com/fair-bias-and-reliability/,hyper-partisan left,"generally reliable, analysis or other issues",32.91,-19.41,FAIR,1,https://adfontesmedia.com/fair-bias-and-reliability/
99,https://adfontesmedia.com/fair-observer-bias-and-reliability/,skews left,"generally reliable, analysis or other issues",36.85,-8.24,Fair Observer,1,https://adfontesmedia.com/fair-observer-bias-and-reliability/
100,https://adfontesmedia.com/federalist-bias-and-reliability/,hyper-partisan right,"mixed reliability, opinion or other issues",26.63,20.25,The Federalist,0,https://adfontesmedia.com/federalist-bias-and-reliability/
101,https://adfontesmedia.com/financial-buzz-bias-and-reliability/,middle,"reliable, analysis/fact reporting",46.59,-0.03,Financial Buzz,2,https://adfontesmedia.com/financial-buzz-bias-and-reliability/
102,https://adfontesmedia.com/financial-times-bias-and-reliability/,middle,"reliable, analysis/fact reporting",45.13,-3.64,Financial Times,2,https://adfontesmedia.com/financial-times-bias-and-reliability/
103,https://adfontesmedia.com/fiscal-times-bias-and-reliability/,middle,"reliable, analysis/fact reporting",44.85,-0.38,Fiscal Times,2,https://adfontesmedia.com/fiscal-times-bias-and-reliability/
104,https://adfontesmedia.com/fivethirtyeight-bias-and-reliability/,skews left,"reliable, analysis/fact reporting",43.5,-7.07,FiveThirtyEight,1,https://adfontesmedia.com/fivethirtyeight-bias-and-reliability/
105,https://adfontesmedia.com/forbes-bias-and-reliability/,middle,"reliable, analysis/fact reporting",43.8,-3.03,Forbes,1,https://adfontesmedia.com/forbes-bias-and-reliability/
106,https://adfontesmedia.com/foreign-affairs-bias-and-reliability/,skews left,"reliable, analysis/fact reporting",44.57,-6.78,Foreign Affairs,2,https://adfontesmedia.com/foreign-affairs-bias-and-reliability/
107,https://adfontesmedia.com/foreign-policy-bias-and-reliability/,middle,"reliable, analysis/fact reporting",42.69,-2.89,Foreign Policy,1,https://adfontesmedia.com/foreign-policy-bias-and-reliability/
108,https://adfontesmedia.com/fortune-bias-and-reliability/,middle,"reliable, analysis/fact reporting",44.45,-1.68,Fortune,2,https://adfontesmedia.com/fortune-bias-and-reliability/
109,https://adfontesmedia.com/forward-bias-and-reliability/,skews left,"reliable, analysis/fact reporting",40.74,-8.0,Forward,1,https://adfontesmedia.com/forward-bias-and-reliability/
110,https://adfontesmedia.com/fox-business-bias-and-reliability/,middle,"reliable, analysis/fact reporting",43.25,5.13,Fox Business,1,https://adfontesmedia.com/fox-business-bias-and-reliability/
111,https://adfontesmedia.com/fox-friends-bias-and-reliability/,hyper-partisan right,"generally reliable, analysis and other issues",32.56,21.0,Fox & Friends,1,https://adfontesmedia.com/fox-friends-bias-and-reliability/
112,https://adfontesmedia.com/fox-news-com-bias-and-reliability/,skews right,"generally reliable, analysis or other issues",35.82,14.73,Fox News,1,https://adfontesmedia.com/fox-news-com-bias-and-reliability/
113,https://adfontesmedia.com/gateway-pundit-bias-and-reliability/,hyper-partisan right,"unreliable, problematic",17.31,25.13,The Gateway Pundit,0,https://adfontesmedia.com/gateway-pundit-bias-and-reliability/
114,https://adfontesmedia.com/glamour-bias-and-reliability/,skews left,"generally reliable, analysis or other issues",37.28,-8.75,Glamour,1,https://adfontesmedia.com/glamour-bias-and-reliability/
115,https://adfontesmedia.com/glenn-beck-bias-and-reliability/,hyper-partisan right,"unreliable, problematic",21.07,23.36,Glenn Beck,0,https://adfontesmedia.com/glenn-beck-bias-and-reliability/
116,https://adfontesmedia.com/glenn-greenwald-bias-and-reliability/,skews right,"generally reliable, analysis or other issues",36.42,10.91,Glenn Greenwald,1,https://adfontesmedia.com/glenn-greenwald-bias-and-reliability/
117,https://adfontesmedia.com/global-news-bias-and-reliability/,middle,"reliable, analysis/fact reporting",45.05,-4.53,Global News,2,https://adfontesmedia.com/global-news-bias-and-reliability/
118,https://adfontesmedia.com/good-news-network-bias-and-reliability/,middle,"reliable, analysis/fact reporting",44.12,-1.05,Good News Network,2,https://adfontesmedia.com/good-news-network-bias-and-reliability/
119,https://adfontesmedia.com/hannity-bias-and-reliability/,hyper-partisan right,"unreliable, problematic",19.95,26.17,Hannity,0,https://adfontesmedia.com/hannity-bias-and-reliability/
120,https://adfontesmedia.com/harpers-bazaar-bias-and-reliability/,skews left,"reliable, analysis/fact reporting",43.83,-6.81,Harpers Bazaar,1,https://adfontesmedia.com/harpers-bazaar-bias-and-reliability/
121,https://adfontesmedia.com/hartford-courant-bias-and-reliability/,middle,"reliable, fact reporting",48.0,-1.06,Hartford Courant,2,https://adfontesmedia.com/hartford-courant-bias-and-reliability/
122,https://adfontesmedia.com/hawaii-news-now-bias-and-reliability/,middle,"reliable, analysis/fact reporting",46.38,-0.14,Hawaii News Now,2,https://adfontesmedia.com/hawaii-news-now-bias-and-reliability/
123,https://adfontesmedia.com/heavy-bias-and-reliability/,middle,"reliable, analysis/fact reporting",44.02,-1.63,Heavy,2,https://adfontesmedia.com/heavy-bias-and-reliability/
124,https://adfontesmedia.com/high-country-news-bias-and-reliability/,skews left,"reliable, analysis/fact reporting",43.16,-8.92,High Country News,1,https://adfontesmedia.com/high-country-news-bias-and-reliability/
125,https://adfontesmedia.com/hill-bias-and-reliability/,middle,"reliable, analysis/fact reporting",44.79,-0.52,The Hill,2,https://adfontesmedia.com/hill-bias-and-reliability/
126,https://adfontesmedia.com/hill-reporter-bias-and-reliability/,skews left,"generally reliable, analysis or other issues",35.58,-14.01,Hill Reporter,1,https://adfontesmedia.com/hill-reporter-bias-and-reliability/
127,https://adfontesmedia.com/houston-chronicle-bias-and-reliability/,middle,"reliable, analysis/fact reporting",44.85,-3.28,Houston Chronicle,2,https://adfontesmedia.com/houston-chronicle-bias-and-reliability/
128,https://adfontesmedia.com/huffpost-bias-and-reliability/,skews left,"reliable, analysis/fact reporting",39.72,-11.28,HuffPost,1,https://adfontesmedia.com/huffpost-bias-and-reliability/
129,https://adfontesmedia.com/in-these-times-bias-reliability/,hyper-partisan left,"generally reliable, analysis or other issues",35.03,-18.34,In These Times,1,https://adfontesmedia.com/in-these-times-bias-reliability/
130,https://adfontesmedia.com/independent-bias-and-reliability/,skews left,"reliable, analysis/fact reporting",41.74,-10.28,The Independent,1,https://adfontesmedia.com/independent-bias-and-reliability/
131,https://adfontesmedia.com/independent-journal-review-bias-and-reliability/,middle,"reliable, analysis/fact reporting",42.47,0.92,Independent Journal Review,1,https://adfontesmedia.com/independent-journal-review-bias-and-reliability/
132,https://adfontesmedia.com/indianapolis-star-bias-and-reliability/,middle,"reliable, fact reporting",48.11,-1.73,Indianapolis Star,2,https://adfontesmedia.com/indianapolis-star-bias-and-reliability/
133,https://adfontesmedia.com/infowars-bias-and-reliability/,hyper-partisan right,"unreliable, misleading",13.21,27.61,InfoWars,0,https://adfontesmedia.com/infowars-bias-and-reliability/
134,https://adfontesmedia.com/ingraham-angle-bias-and-reliability/,hyper-partisan right,"unreliable, problematic",19.75,27.43,The Ingraham Angle,0,https://adfontesmedia.com/ingraham-angle-bias-and-reliability/
135,https://adfontesmedia.com/inquisitr-bias-and-reliability/,skews left,"generally reliable, analysis or other issues",32.46,-7.13,Inquisitr,1,https://adfontesmedia.com/inquisitr-bias-and-reliability/
136,https://adfontesmedia.com/inside-climate-news-bias-and-reliability/,skews left,"reliable, analysis/fact reporting",45.52,-9.48,Inside Climate News,2,https://adfontesmedia.com/inside-climate-news-bias-and-reliability/
137,https://adfontesmedia.com/insider-bias-and-reliability/,middle,"reliable, analysis/fact reporting",43.31,-5.43,Insider,1,https://adfontesmedia.com/insider-bias-and-reliability/
138,https://adfontesmedia.com/intercept-bias-and-reliability/,skews left,"reliable, analysis/fact reporting",41.12,-14.92,The Intercept,1,https://adfontesmedia.com/intercept-bias-and-reliability/
139,https://adfontesmedia.com/jacobin-bias-and-reliability/,hyper-partisan left,"generally reliable, analysis or other issues",31.77,-21.79,Jacobin,1,https://adfontesmedia.com/jacobin-bias-and-reliability/
140,https://adfontesmedia.com/jezebel-bias-and-reliability/,hyper-partisan left,"mixed reliability, opinion or other issues",29.01,-19.61,Jezebel,0,https://adfontesmedia.com/jezebel-bias-and-reliability/
141,https://adfontesmedia.com/judicial-watch-bias-and-reliability/,hyper-partisan right,"unreliable, problematic",23.36,23.44,Judicial Watch,0,https://adfontesmedia.com/judicial-watch-bias-and-reliability/
142,https://adfontesmedia.com/just-the-news-bias-and-reliability/,skews right,"generally reliable, analysis or other issues",37.89,6.92,Just the News,1,https://adfontesmedia.com/just-the-news-bias-and-reliability/
143,https://adfontesmedia.com/justice-with-judge-jeanine-bias-and-reliability/,hyper-partisan right,"unreliable, problematic",17.1,25.4,Justice with Judge Jeanine,0,https://adfontesmedia.com/justice-with-judge-jeanine-bias-and-reliability/
144,https://adfontesmedia.com/kansas-city-star-bias-and-reliability/,skews left,"reliable, analysis/fact reporting",43.28,-6.26,Kansas City Star,1,https://adfontesmedia.com/kansas-city-star-bias-and-reliability/
145,https://adfontesmedia.com/la-times-bias-and-reliability/,skews left,"reliable, analysis/fact reporting",45.26,-7.27,LA Times,2,https://adfontesmedia.com/la-times-bias-and-reliability/
146,https://adfontesmedia.com/la-weekly-bias-and-reliability/,middle,"reliable, analysis/fact reporting",45.44,-3.02,LA Weekly,2,https://adfontesmedia.com/la-weekly-bias-and-reliability/
147,https://adfontesmedia.com/laconia-daily-sun-bias-and-reliability/,middle,"reliable, analysis/fact reporting",45.36,0.4,Laconia Daily Sun,2,https://adfontesmedia.com/laconia-daily-sun-bias-and-reliability/
148,https://adfontesmedia.com/las-vegas-review-journal-bias-and-reliability/,middle,"reliable, analysis/fact reporting",43.28,0.73,Las Vegas Review-Journal,1,https://adfontesmedia.com/las-vegas-review-journal-bias-and-reliability/
149,https://adfontesmedia.com/lead-with-jake-tapper-bias-and-reliability/,skews left,"generally reliable, analysis or other issues",38.2,-16.48,The Lead with Jake Tapper,1,https://adfontesmedia.com/lead-with-jake-tapper-bias-and-reliability/
150,https://adfontesmedia.com/liberty-loft-bias-and-reliability/,hyper-partisan right,"unreliable, problematic",20.99,18.67,The Liberty Loft,0,https://adfontesmedia.com/liberty-loft-bias-and-reliability/
151,https://adfontesmedia.com/liberty-nation-bias-and-reliability/,hyper-partisan right,"unreliable, problematic",22.19,19.19,Liberty Nation,0,https://adfontesmedia.com/liberty-nation-bias-and-reliability/
152,https://adfontesmedia.com/life-news-bias-and-reliability/,hyper-partisan right,"unreliable, problematic",23.5,21.83,Life News,0,https://adfontesmedia.com/life-news-bias-and-reliability/
153,https://adfontesmedia.com/lifezette-bias-and-reliability/,hyper-partisan right,"unreliable, problematic",20.63,23.38,LifeZette,0,https://adfontesmedia.com/lifezette-bias-and-reliability/
154,https://adfontesmedia.com/lincoln-project-bias-and-reliability/,middle,"generally reliable, analysis or other issues",34.0,-5.44,The Lincoln Project,1,https://adfontesmedia.com/lincoln-project-bias-and-reliability/
155,https://adfontesmedia.com/louder-with-crowder-bias-and-reliability/,most extreme right,"unreliable, misleading",9.73,31.05,Louder With Crowder,0,https://adfontesmedia.com/louder-with-crowder-bias-and-reliability/
156,https://adfontesmedia.com/marketwatch-bias-and-reliability/,middle,"reliable, analysis/fact reporting",44.32,-5.58,MarketWatch,2,https://adfontesmedia.com/marketwatch-bias-and-reliability/
157,https://adfontesmedia.com/mashable-bias-and-reliability/,skews left,"reliable, analysis/fact reporting",40.39,-10.23,Mashable,1,https://adfontesmedia.com/mashable-bias-and-reliability/
158,https://adfontesmedia.com/matt-walsh-show-bias-and-reliability/,hyper-partisan right,"unreliable, problematic",18.42,23.76,The Matt Walsh Show,0,https://adfontesmedia.com/matt-walsh-show-bias-and-reliability/
159,https://adfontesmedia.com/mediaite-bias-and-reliability/,skews left,"reliable, analysis/fact reporting",39.28,-11.31,MEDIAite,1,https://adfontesmedia.com/mediaite-bias-and-reliability/
160,https://adfontesmedia.com/meet-the-press-bias-and-reliability/,skews left,"reliable, analysis/fact reporting",42.67,-8.0,Meet the Press,1,https://adfontesmedia.com/meet-the-press-bias-and-reliability/
161,https://adfontesmedia.com/megyn-kelly-show-bias-and-reliability/,skews right,"generally reliable, analysis or other issues",36.92,11.08,The Megyn Kelly Show,1,https://adfontesmedia.com/megyn-kelly-show-bias-and-reliability/
162,https://adfontesmedia.com/meidas-touch-bias-and-reliability/,hyper-partisan left,"mixed reliability, opinion or other issues",26.77,-21.31,Meidas Touch,0,https://adfontesmedia.com/meidas-touch-bias-and-reliability/
163,https://adfontesmedia.com/mercury-news-bias-and-reliability/,middle,"reliable, analysis/fact reporting",46.54,-3.24,Mercury News,2,https://adfontesmedia.com/mercury-news-bias-and-reliability/
164,https://adfontesmedia.com/mic-bias-and-reliability/,skews left,"generally reliable, analysis or other issues",37.99,-15.96,Mic,1,https://adfontesmedia.com/mic-bias-and-reliability/
165,https://adfontesmedia.com/military-times-bias-and-reliability/,middle,"reliable, analysis/fact reporting",46.94,-0.23,Military Times,2,https://adfontesmedia.com/military-times-bias-and-reliability/
166,https://adfontesmedia.com/milwaukee-journal-sentinel-bias-and-reliability/,skews left,"reliable, analysis/fact reporting",46.97,-7.89,Milwaukee Journal Sentinel,2,https://adfontesmedia.com/milwaukee-journal-sentinel-bias-and-reliability/
167,https://adfontesmedia.com/minnesota-star-tribune-bias-and-reliability/,middle,"reliable, analysis/fact reporting",46.43,-3.83,Star Tribune-Minneapolis,2,https://adfontesmedia.com/minnesota-star-tribune-bias-and-reliability/
168,https://adfontesmedia.com/montana-free-press-bias-and-reliability/,middle,"reliable, analysis/fact reporting",46.56,-3.04,Montana Free Press,2,https://adfontesmedia.com/montana-free-press-bias-and-reliability/
169,https://adfontesmedia.com/morning-joe-bias-and-reliability/,skews left,"generally reliable, analysis or other issues",38.4,-10.0,Morning Joe,1,https://adfontesmedia.com/morning-joe-bias-and-reliability/
170,https://adfontesmedia.com/mother-jones-bias-and-reliability/,skews left,"reliable, analysis/fact reporting",39.47,-15.57,Mother Jones,1,https://adfontesmedia.com/mother-jones-bias-and-reliability/
171,https://adfontesmedia.com/msnbc-bias-and-reliability/,skews left,"generally reliable, analysis or other issues",37.18,-13.7,MSNBC,1,https://adfontesmedia.com/msnbc-bias-and-reliability/
172,https://adfontesmedia.com/nation-bias-and-reliability/,hyper-partisan left,"generally reliable, analysis or other issues",34.28,-18.21,The Nation,1,https://adfontesmedia.com/nation-bias-and-reliability/
173,https://adfontesmedia.com/national-catholic-register-bias-and-reliability/,skews right,"reliable, analysis/fact reporting",39.1,8.55,National Catholic Register,1,https://adfontesmedia.com/national-catholic-register-bias-and-reliability/
174,https://adfontesmedia.com/national-enquirer-bias-and-reliability/,skews right,"unreliable, misleading",11.69,6.43,National Enquirer,0,https://adfontesmedia.com/national-enquirer-bias-and-reliability/
175,https://adfontesmedia.com/national-file-bias-and-reliability/,hyper-partisan right,"unreliable, problematic",18.08,22.01,National File,0,https://adfontesmedia.com/national-file-bias-and-reliability/
176,https://adfontesmedia.com/national-review-bias-and-reliability/,skews right,"generally reliable, analysis or other issues",32.9,14.56,National Review,1,https://adfontesmedia.com/national-review-bias-and-reliability/
177,https://adfontesmedia.com/natural-news-bias-and-reliability/,most extreme right,"unreliable, inaccurate",7.49,31.67,Natural News,0,https://adfontesmedia.com/natural-news-bias-and-reliability/
178,https://adfontesmedia.com/nbc-bias-and-reliability/,skews left,"reliable, analysis/fact reporting",45.66,-7.38,NBC News,2,https://adfontesmedia.com/nbc-bias-and-reliability/
179,https://adfontesmedia.com/new-republic-bias-and-reliability/,hyper-partisan left,"generally reliable, analysis or other issues",34.18,-18.9,New Republic,1,https://adfontesmedia.com/new-republic-bias-and-reliability/
180,https://adfontesmedia.com/new-statesman-bias-and-reliability/,skews left,"reliable, analysis/fact reporting",40.13,-7.33,New Statesman,1,https://adfontesmedia.com/new-statesman-bias-and-reliability/
181,https://adfontesmedia.com/new-york-daily-news-bias-and-reliability/,skews left,"reliable, analysis/fact reporting",41.42,-7.97,New York Daily News,1,https://adfontesmedia.com/new-york-daily-news-bias-and-reliability/
182,https://adfontesmedia.com/new-york-magazine-bias-reliability/,skews left,"reliable, analysis/fact reporting",42.02,-9.41,New York Magazine,1,https://adfontesmedia.com/new-york-magazine-bias-reliability/
183,https://adfontesmedia.com/new-york-post-bias-and-reliability/,skews right,"generally reliable, analysis or other issues",33.37,12.75,New York Post,1,https://adfontesmedia.com/new-york-post-bias-and-reliability/
184,https://adfontesmedia.com/new-york-sun-bias-and-reliability/,skews right,"generally reliable, analysis or other issues",31.1,13.11,New York Sun,1,https://adfontesmedia.com/new-york-sun-bias-and-reliability/
185,https://adfontesmedia.com/new-york-times-bias-and-reliability/,skews left,"reliable, analysis/fact reporting",44.76,-8.08,The New York Times,2,https://adfontesmedia.com/new-york-times-bias-and-reliability/
186,https://adfontesmedia.com/new-yorker-bias-and-reliability/,skews left,"reliable, analysis/fact reporting",40.43,-12.54,The New Yorker,1,https://adfontesmedia.com/new-yorker-bias-and-reliability/
187,https://adfontesmedia.com/news-guts-bias-and-reliability/,skews left,"generally reliable, analysis or other issues",36.5,-12.9,News and Guts,1,https://adfontesmedia.com/news-guts-bias-and-reliability/
188,https://adfontesmedia.com/newsbusters-bias-and-reliability/,hyper-partisan right,"mixed reliability, opinion or other issues",29.17,21.59,NewsBusters,0,https://adfontesmedia.com/newsbusters-bias-and-reliability/
189,https://adfontesmedia.com/newsday-bias-and-reliability/,middle,"reliable, fact reporting",47.61,-3.56,Newsday,2,https://adfontesmedia.com/newsday-bias-and-reliability/
190,https://adfontesmedia.com/newser-bias-and-reliability/,middle,"reliable, analysis/fact reporting",43.93,-6.0,Newser,1,https://adfontesmedia.com/newser-bias-and-reliability/
191,https://adfontesmedia.com/newsmax-bias-and-reliability/,skews right,"mixed reliability, opinion or other issues",27.52,16.97,Newsmax,0,https://adfontesmedia.com/newsmax-bias-and-reliability/
192,https://adfontesmedia.com/newsnation-now-bias-reliability/,middle,"reliable, analysis/fact reporting",44.85,-0.46,NewsNation Now,2,https://adfontesmedia.com/newsnation-now-bias-reliability/
193,https://adfontesmedia.com/newsone-bias-and-reliability/,skews left,"generally reliable, analysis or other issues",35.48,-13.33,NewsOne,1,https://adfontesmedia.com/newsone-bias-and-reliability/
194,https://adfontesmedia.com/newspunch-bias-and-reliability/,hyper-partisan right,"unreliable, problematic",19.21,24.06,NewsPunch,0,https://adfontesmedia.com/newspunch-bias-and-reliability/
195,https://adfontesmedia.com/newsweek-bias-and-reliability/,skews left,"reliable, analysis/fact reporting",39.26,-6.23,Newsweek,1,https://adfontesmedia.com/newsweek-bias-and-reliability/
196,https://adfontesmedia.com/newsy-bias-and-reliability/,middle,"reliable, fact reporting",47.54,-3.19,Newsy,2,https://adfontesmedia.com/newsy-bias-and-reliability/
197,https://adfontesmedia.com/nj-com-bias-and-reliability/,middle,"reliable, analysis/fact reporting",46.57,-1.93,NJ.com,2,https://adfontesmedia.com/nj-com-bias-and-reliability/
198,https://adfontesmedia.com/nola-com-bias-and-reliability/,middle,"reliable, fact reporting",48.15,-2.0,NOLA.com,2,https://adfontesmedia.com/nola-com-bias-and-reliability/
199,https://adfontesmedia.com/nowthis-news-bias-and-reliability/,skews left,"reliable, analysis/fact reporting",41.25,-8.19,NowThis News,1,https://adfontesmedia.com/nowthis-news-bias-and-reliability/
200,https://adfontesmedia.com/npr-bias-and-reliability/,middle,"reliable, analysis/fact reporting",46.24,-4.63,NPR,2,https://adfontesmedia.com/npr-bias-and-reliability/
201,https://adfontesmedia.com/npr-news-now-bias-and-reliability/,middle,"reliable, fact reporting",51.56,-0.22,NPR News Now,2,https://adfontesmedia.com/npr-news-now-bias-and-reliability/
202,https://adfontesmedia.com/oann-one-america-news-network-bias-and-reliability/,skews right,"mixed reliability, opinion or other issues",26.41,16.62,OAN Network,0,https://adfontesmedia.com/oann-one-america-news-network-bias-and-reliability/
203,https://adfontesmedia.com/occupy-democrats-bias-and-reliability/,hyper-partisan left,"mixed reliability, opinion or other issues",24.24,-22.89,Occupy Democrats,0,https://adfontesmedia.com/occupy-democrats-bias-and-reliability/
204,https://adfontesmedia.com/omaha-world-herald-bias-and-reliability/,middle,"reliable, fact reporting",47.14,-0.45,Omaha World-Herald,2,https://adfontesmedia.com/omaha-world-herald-bias-and-reliability/
205,https://adfontesmedia.com/oregonian-bias-and-reliability/,middle,"reliable, fact reporting",47.32,-4.45,The Oregonian,2,https://adfontesmedia.com/oregonian-bias-and-reliability/
206,https://adfontesmedia.com/orlando-sentinel-bias-and-reliability/,skews left,"reliable, analysis/fact reporting",45.8,-7.36,Orlando Sentinel,2,https://adfontesmedia.com/orlando-sentinel-bias-and-reliability/
207,https://adfontesmedia.com/ozy-bias-and-reliability-2/,skews left,"reliable, analysis/fact reporting",40.56,-7.4,OZY,1,https://adfontesmedia.com/ozy-bias-and-reliability-2/
208,https://adfontesmedia.com/palmer-report-bias-and-reliability/,hyper-partisan left,"unreliable, problematic",17.55,-26.0,Palmer Report,0,https://adfontesmedia.com/palmer-report-bias-and-reliability/
209,https://adfontesmedia.com/patch-bias-and-reliability/,middle,"reliable, fact reporting",48.29,-5.08,Patch,2,https://adfontesmedia.com/patch-bias-and-reliability/
210,https://adfontesmedia.com/pbs-bias-and-reliability/,middle,"reliable, fact reporting",48.74,-4.84,PBS,2,https://adfontesmedia.com/pbs-bias-and-reliability/
211,https://adfontesmedia.com/pittsburgh-post-gazette-bias-and-reliability/,middle,"reliable, fact reporting",48.17,-0.55,Pittsburgh Post-Gazette,2,https://adfontesmedia.com/pittsburgh-post-gazette-bias-and-reliability/
212,https://adfontesmedia.com/pj-media-bias-and-reliability/,hyper-partisan right,"unreliable, problematic",23.02,23.07,PJ Media,0,https://adfontesmedia.com/pj-media-bias-and-reliability/
213,https://adfontesmedia.com/pod-save-america-bias-and-reliability/,hyper-partisan left,"mixed reliability, opinion or other issues",30.0,-27.19,Pod Save America,1,https://adfontesmedia.com/pod-save-america-bias-and-reliability/
214,https://adfontesmedia.com/politico-bias-and-reliability/,skews left,"reliable, analysis/fact reporting",43.41,-6.81,Politico,1,https://adfontesmedia.com/politico-bias-and-reliability/
215,https://adfontesmedia.com/politicus-usa-bias-reliability/,skews left,"generally reliable, analysis or other issues",31.57,-16.09,Politicus USA,1,https://adfontesmedia.com/politicus-usa-bias-reliability/
216,https://adfontesmedia.com/politifact-bias-and-reliability/,middle,"reliable, analysis/fact reporting",45.22,-3.33,Politifact,2,https://adfontesmedia.com/politifact-bias-and-reliability/
217,https://adfontesmedia.com/popsugar-bias-and-reliability/,skews left,"generally reliable, analysis or other issues",35.65,-12.15,Popsugar,1,https://adfontesmedia.com/popsugar-bias-and-reliability/
218,https://adfontesmedia.com/popular-information-bias-and-reliability/,skews left,"reliable, analysis/fact reporting",40.25,-14.96,Popular Information,1,https://adfontesmedia.com/popular-information-bias-and-reliability/
219,https://adfontesmedia.com/poynter-bias-and-reliability/,skews left,"reliable, analysis/fact reporting",41.01,-7.94,Poynter,1,https://adfontesmedia.com/poynter-bias-and-reliability/
220,https://adfontesmedia.com/prageru-bias-reliability/,hyper-partisan right,"unreliable, problematic",23.13,18.71,PragerU,0,https://adfontesmedia.com/prageru-bias-reliability/
221,https://adfontesmedia.com/progressive-bias-and-reliability/,hyper-partisan left,"generally reliable, analysis or other issues",34.95,-18.3,The Progressive,1,https://adfontesmedia.com/progressive-bias-and-reliability/
222,https://adfontesmedia.com/propublica-bias-and-reliability/,skews left,"reliable, fact reporting",47.46,-6.93,ProPublica,2,https://adfontesmedia.com/propublica-bias-and-reliability/
223,https://adfontesmedia.com/quartz-bias-and-reliability/,middle,"reliable, analysis/fact reporting",44.67,-5.18,Quartz,2,https://adfontesmedia.com/quartz-bias-and-reliability/
224,https://adfontesmedia.com/quillette-bias-and-reliability/,skews right,"generally reliable, analysis or other issues",37.64,9.56,Quillette,1,https://adfontesmedia.com/quillette-bias-and-reliability/
225,https://adfontesmedia.com/rachel-maddow-show-bias-and-reliability/,skews left,"generally reliable, analysis or other issues",38.33,-16.9,The Rachel Maddow Show,1,https://adfontesmedia.com/rachel-maddow-show-bias-and-reliability/
226,https://adfontesmedia.com/radio-times-bias-and-reliability/,middle,"reliable, analysis/fact reporting",39.73,0.0,Radio Times,1,https://adfontesmedia.com/radio-times-bias-and-reliability/
227,https://adfontesmedia.com/rasmussen-reports-bias-and-reliability/,skews right,"reliable, analysis/fact reporting",41.57,12.8,Rasmussen Reports,1,https://adfontesmedia.com/rasmussen-reports-bias-and-reliability/
228,https://adfontesmedia.com/raw-story-bias-and-reliability/,skews left,"generally reliable, analysis or other issues",32.11,-17.6,Raw Story,1,https://adfontesmedia.com/raw-story-bias-and-reliability/
229,https://adfontesmedia.com/real-clear-politics-bias-and-reliability/,skews right,"generally reliable, analysis or other issues",33.98,15.18,RealClear Politics,1,https://adfontesmedia.com/real-clear-politics-bias-and-reliability/
230,https://adfontesmedia.com/real-news-network-bias-and-reliability/,skews left,"generally reliable, analysis or other issues",36.79,-17.53,Real News Network,1,https://adfontesmedia.com/real-news-network-bias-and-reliability/
231,https://adfontesmedia.com/reason-bias-and-reliability/,skews right,"generally reliable, analysis or other issues",37.33,7.72,Reason,1,https://adfontesmedia.com/reason-bias-and-reliability/
232,https://adfontesmedia.com/redstate-bias-and-reliability/,hyper-partisan right,"unreliable, problematic",22.05,23.12,RedState,0,https://adfontesmedia.com/redstate-bias-and-reliability/
233,https://adfontesmedia.com/reliable-sources-bias-and-reliability/,skews left,"generally reliable, analysis or other issues",32.63,-14.97,Reliable Sources,1,https://adfontesmedia.com/reliable-sources-bias-and-reliability/
234,https://adfontesmedia.com/reuters-bias-and-reliability/,middle,"reliable, fact reporting",48.81,-1.57,Reuters,2,https://adfontesmedia.com/reuters-bias-and-reliability/
235,https://adfontesmedia.com/right-wing-watch-bias-and-reliability/,hyper-partisan left,"mixed reliability, opinion or other issues",27.61,-18.27,Right Wing Watch,0,https://adfontesmedia.com/right-wing-watch-bias-and-reliability/
236,https://adfontesmedia.com/roll-call-bias-and-reliability/,middle,"reliable, analysis/fact reporting",46.31,-3.27,Roll Call,2,https://adfontesmedia.com/roll-call-bias-and-reliability/
237,https://adfontesmedia.com/root-bias-and-reliability/,hyper-partisan left,"mixed reliability, opinion or other issues",28.88,-20.03,The Root,0,https://adfontesmedia.com/root-bias-and-reliability/
238,https://adfontesmedia.com/rt-bias-and-reliability/,skews right,"mixed reliability, opinion or other issues",30.62,12.04,RT,1,https://adfontesmedia.com/rt-bias-and-reliability/
239,https://adfontesmedia.com/salon-bias-and-reliability/,hyper-partisan left,"generally reliable, analysis or other issues",33.63,-18.35,Salon,1,https://adfontesmedia.com/salon-bias-and-reliability/
240,https://adfontesmedia.com/salt-lake-tribune-bias-and-reliability/,middle,"reliable, analysis/fact reporting",46.89,-2.45,Salt Lake Tribune,2,https://adfontesmedia.com/salt-lake-tribune-bias-and-reliability/
241,https://adfontesmedia.com/san-diego-union-tribune-bias-and-reliability/,middle,"reliable, fact reporting",47.96,-0.86,San Diego Union-Tribune,2,https://adfontesmedia.com/san-diego-union-tribune-bias-and-reliability/
242,https://adfontesmedia.com/san-francisco-chronicle-bias-and-reliability/,skews left,"reliable, analysis/fact reporting",45.06,-6.31,San Francisco Chronicle,2,https://adfontesmedia.com/san-francisco-chronicle-bias-and-reliability/
243,https://adfontesmedia.com/seattlepi-bias-and-reliability/,middle,"reliable, analysis/fact reporting",45.12,-3.04,SeattlePI,2,https://adfontesmedia.com/seattlepi-bias-and-reliability/
244,https://adfontesmedia.com/second-nexus-bias-and-reliability/,hyper-partisan left,"mixed reliability, opinion or other issues",25.69,-19.78,Second Nexus,0,https://adfontesmedia.com/second-nexus-bias-and-reliability/
245,https://adfontesmedia.com/sf-examiner-bias-and-reliability/,middle,"reliable, analysis/fact reporting",44.09,-4.11,SF Examiner,2,https://adfontesmedia.com/sf-examiner-bias-and-reliability/
246,https://adfontesmedia.com/sfgate-bias-and-reliability/,middle,"reliable, analysis/fact reporting",46.14,-1.65,SFGate,2,https://adfontesmedia.com/sfgate-bias-and-reliability/
247,https://adfontesmedia.com/shadowproof-bias-and-reliability/,hyper-partisan left,"generally reliable, analysis or other issues",35.5,-23.23,Shadowproof,1,https://adfontesmedia.com/shadowproof-bias-and-reliability/
248,https://adfontesmedia.com/skimm-bias-and-reliability/,skews left,"reliable, analysis/fact reporting",43.18,-7.13,The Skimm,1,https://adfontesmedia.com/skimm-bias-and-reliability/
249,https://adfontesmedia.com/sky-news-bias-and-reliability/,middle,"reliable, analysis/fact reporting",45.32,-2.22,Sky News,2,https://adfontesmedia.com/sky-news-bias-and-reliability/
250,https://adfontesmedia.com/slate-bias-and-reliability/,skews left,"generally reliable, analysis or other issues",37.39,-15.16,Slate,1,https://adfontesmedia.com/slate-bias-and-reliability/
251,https://adfontesmedia.com/smithsonian-magazine-bias-and-reliability/,middle,"reliable, analysis/fact reporting",45.5,-3.72,Smithsonian Magazine,2,https://adfontesmedia.com/smithsonian-magazine-bias-and-reliability/
252,https://adfontesmedia.com/snopes-bias-and-reliability/,middle,"reliable, analysis/fact reporting",45.49,-2.18,Snopes,2,https://adfontesmedia.com/snopes-bias-and-reliability/
253,https://adfontesmedia.com/sojourners-bias-and-reliability/,skews left,"generally reliable, analysis or other issues",38.88,-12.58,Sojourners,1,https://adfontesmedia.com/sojourners-bias-and-reliability/
254,https://adfontesmedia.com/south-china-morning-post-bias-and-reliability/,middle,"reliable, analysis/fact reporting",41.9,-3.5,South China Morning Post,1,https://adfontesmedia.com/south-china-morning-post-bias-and-reliability/
255,https://adfontesmedia.com/sputnik-international-news-bias-and-reliability/,skews right,"generally reliable, analysis or other issues",36.42,9.01,Sputnik International News,1,https://adfontesmedia.com/sputnik-international-news-bias-and-reliability/
256,https://adfontesmedia.com/st-louis-post-dispatch/,skews left,"reliable, analysis/fact reporting",44.61,-8.99,St. Louis Post-Dispatch,2,https://adfontesmedia.com/st-louis-post-dispatch/
257,https://adfontesmedia.com/stars-and-stripes-bias-reliability/,middle,"reliable, fact reporting",49.37,0.43,Stars and Stripes,2,https://adfontesmedia.com/stars-and-stripes-bias-reliability/
258,https://adfontesmedia.com/stream-bias-and-reliability/,hyper-partisan right,"mixed reliability, opinion or other issues",25.04,21.64,The Stream,0,https://adfontesmedia.com/stream-bias-and-reliability/
259,https://adfontesmedia.com/sun-sentinel-bias-and-reliability/,skews left,"reliable, analysis/fact reporting",44.35,-6.13,Sun Sentinel,2,https://adfontesmedia.com/sun-sentinel-bias-and-reliability/
260,https://adfontesmedia.com/syracuse-post-standard-bias-and-reliability/,middle,"reliable, analysis/fact reporting",46.7,-2.87,Syracuse Post-Standard,2,https://adfontesmedia.com/syracuse-post-standard-bias-and-reliability/
261,https://adfontesmedia.com/talking-points-memo-bias-and-reliability/,skews left,"reliable, analysis/fact reporting",42.37,-9.66,Talking Points Memo,1,https://adfontesmedia.com/talking-points-memo-bias-and-reliability/
262,https://adfontesmedia.com/tampa-bay-times-bias-and-reliability/,middle,"reliable, analysis/fact reporting",46.27,-3.77,Tampa Bay Times,2,https://adfontesmedia.com/tampa-bay-times-bias-and-reliability/
263,https://adfontesmedia.com/tangle-bias-and-reliability/,middle,"reliable, analysis/fact reporting",43.58,1.79,Tangle,1,https://adfontesmedia.com/tangle-bias-and-reliability/
264,https://adfontesmedia.com/techcrunch-bias-and-reliability/,middle,"reliable, analysis/fact reporting",46.19,-0.28,TechCrunch,2,https://adfontesmedia.com/techcrunch-bias-and-reliability/
265,https://adfontesmedia.com/teen-vogue-bias-and-reliability/,skews left,"reliable, analysis/fact reporting",39.58,-16.25,Teen Vogue,1,https://adfontesmedia.com/teen-vogue-bias-and-reliability/
266,https://adfontesmedia.com/tennessean-bias-and-reliability/,middle,"reliable, fact reporting",47.46,-1.94,Tennessean,2,https://adfontesmedia.com/tennessean-bias-and-reliability/
267,https://adfontesmedia.com/the-atlantic-bias-and-reliability/,skews left,"reliable, analysis/fact reporting",39.53,-9.75,The Atlantic,1,https://adfontesmedia.com/the-atlantic-bias-and-reliability/
268,https://adfontesmedia.com/the-bulwark-bias-and-reliability/,middle,"generally reliable, analysis or other issues",34.69,-5.12,The Bulwark,1,https://adfontesmedia.com/the-bulwark-bias-and-reliability/
269,https://adfontesmedia.com/the-business-journals-bias-and-reliability/,middle,"reliable, analysis/fact reporting",46.22,-0.12,The Business Journals,2,https://adfontesmedia.com/the-business-journals-bias-and-reliability/
270,https://adfontesmedia.com/the-charlie-kirk-show-bias-and-reliability/,hyper-partisan right,"unreliable, misleading",11.22,27.67,The Charlie Kirk Show,0,https://adfontesmedia.com/the-charlie-kirk-show-bias-and-reliability/
271,https://adfontesmedia.com/the-christian-post-bias-and-reliability/,skews right,"reliable, analysis/fact reporting",39.57,10.08,The Christian Post,1,https://adfontesmedia.com/the-christian-post-bias-and-reliability/
272,https://adfontesmedia.com/the-college-fix-bias-and-reliability/,skews right,"reliable, analysis/fact reporting",39.33,9.62,The College Fix,1,https://adfontesmedia.com/the-college-fix-bias-and-reliability/
273,https://adfontesmedia.com/the-daily-bias-and-reliability/,skews left,"reliable, analysis/fact reporting",44.17,-6.64,The Daily,2,https://adfontesmedia.com/the-daily-bias-and-reliability/
274,https://adfontesmedia.com/the-dispatch-bias-reliability/,middle,"reliable, analysis/fact reporting",42.19,5.15,The Dispatch,1,https://adfontesmedia.com/the-dispatch-bias-reliability/
275,https://adfontesmedia.com/the-economist-bias-and-reliability/,middle,"reliable, analysis/fact reporting",44.13,-3.7,The Economist,2,https://adfontesmedia.com/the-economist-bias-and-reliability/
276,https://adfontesmedia.com/the-evening-times-bias-and-reliability/,middle,"reliable, analysis/fact reporting",41.71,1.48,The Evening Times,1,https://adfontesmedia.com/the-evening-times-bias-and-reliability/
277,https://adfontesmedia.com/the-guardian-bias-and-reliability/,skews left,"reliable, analysis/fact reporting",43.66,-9.74,The Guardian,1,https://adfontesmedia.com/the-guardian-bias-and-reliability/
278,https://adfontesmedia.com/the-journal-bias-and-reliability/,middle,"reliable, fact reporting",51.33,-1.11,The Journal.,2,https://adfontesmedia.com/the-journal-bias-and-reliability/
279,https://adfontesmedia.com/the-last-refuge-bias-and-reliability/,hyper-partisan right,"unreliable, problematic",19.74,20.95,The Last Refuge,0,https://adfontesmedia.com/the-last-refuge-bias-and-reliability/
280,https://adfontesmedia.com/the-new-american-bias-and-reliability/,hyper-partisan right,"unreliable, problematic",17.69,22.89,The New American,0,https://adfontesmedia.com/the-new-american-bias-and-reliability/
281,https://adfontesmedia.com/the-right-scoop-bias-and-reliability/,hyper-partisan right,"unreliable, problematic",21.06,22.53,The Right Scoop,0,https://adfontesmedia.com/the-right-scoop-bias-and-reliability/
282,https://adfontesmedia.com/the-trace-bias-and-reliability/,skews left,"reliable, analysis/fact reporting",45.75,-6.64,The Trace,2,https://adfontesmedia.com/the-trace-bias-and-reliability/
283,https://adfontesmedia.com/the-verge-bias-and-reliability/,middle,"reliable, analysis/fact reporting",44.59,-5.28,The Verge,2,https://adfontesmedia.com/the-verge-bias-and-reliability/
284,https://adfontesmedia.com/thegrio-bias-reliability/,skews left,"reliable, analysis/fact reporting",39.42,-11.4,TheGrio,1,https://adfontesmedia.com/thegrio-bias-reliability/
285,https://adfontesmedia.com/this-american-life-bias-and-reliability/,skews left,"reliable, analysis/fact reporting",42.89,-9.22,This American Life,1,https://adfontesmedia.com/this-american-life-bias-and-reliability/
286,https://adfontesmedia.com/time-bias-and-reliability/,skews left,"reliable, analysis/fact reporting",43.98,-9.74,Time Magazine,1,https://adfontesmedia.com/time-bias-and-reliability/
287,https://adfontesmedia.com/tmz-bias-and-reliability/,skews left,"generally reliable, analysis or other issues",36.62,-10.94,TMZ,1,https://adfontesmedia.com/tmz-bias-and-reliability/
288,https://adfontesmedia.com/townhall-bias-and-reliability-2/,hyper-partisan right,"mixed reliability, opinion or other issues",24.34,20.16,Townhall,0,https://adfontesmedia.com/townhall-bias-and-reliability-2/
289,https://adfontesmedia.com/truthout-bias-and-reliability/,hyper-partisan left,"mixed reliability, opinion or other issues",29.59,-19.83,Truthout,1,https://adfontesmedia.com/truthout-bias-and-reliability/
290,https://adfontesmedia.com/tucker-carlson-tonight-bias-reliability/,hyper-partisan right,"unreliable, problematic",22.37,23.0,Tucker Carlson Tonight,0,https://adfontesmedia.com/tucker-carlson-tonight-bias-reliability/
291,https://adfontesmedia.com/turning-point-usa-bias-reliability/,skews right,"unreliable, problematic",20.34,17.28,Turning Point USA,0,https://adfontesmedia.com/turning-point-usa-bias-reliability/
292,https://adfontesmedia.com/twitchy-bias-and-reliability/,hyper-partisan right,"unreliable, problematic",17.29,21.85,Twitchy,0,https://adfontesmedia.com/twitchy-bias-and-reliability/
293,https://adfontesmedia.com/u-s-news-and-world-report-bias-reliability/,middle,"reliable, analysis/fact reporting",45.71,-3.64,US News and World Report,2,https://adfontesmedia.com/u-s-news-and-world-report-bias-reliability/
294,https://adfontesmedia.com/unlocking-us-with-brene-brown/,hyper-partisan left,"mixed reliability, opinion or other issues",30.44,-21.8,Unlocking Us with Brene Brown,1,https://adfontesmedia.com/unlocking-us-with-brene-brown/
295,https://adfontesmedia.com/upi-bias-and-reliability/,middle,"reliable, fact reporting",47.56,-1.26,UPI,2,https://adfontesmedia.com/upi-bias-and-reliability/
296,https://adfontesmedia.com/upworthy-bias-and-reliability/,middle,"reliable, analysis/fact reporting",39.98,-3.94,Upworthy,1,https://adfontesmedia.com/upworthy-bias-and-reliability/
297,https://adfontesmedia.com/usa-today-bias-and-reliability/,middle,"reliable, analysis/fact reporting",45.73,-3.82,USA Today,2,https://adfontesmedia.com/usa-today-bias-and-reliability/
298,https://adfontesmedia.com/vanity-fair-bias-and-reliability/,skews left,"generally reliable, analysis or other issues",36.56,-14.14,Vanity Fair,1,https://adfontesmedia.com/vanity-fair-bias-and-reliability/
299,https://adfontesmedia.com/variety-bias-and-reliability/,skews left,"reliable, analysis/fact reporting",41.74,-6.62,Variety,1,https://adfontesmedia.com/variety-bias-and-reliability/
300,https://adfontesmedia.com/vice-bias-and-reliability/,skews left,"reliable, analysis/fact reporting",41.42,-11.25,Vice,1,https://adfontesmedia.com/vice-bias-and-reliability/
301,https://adfontesmedia.com/village-voice-bias-and-reliability/,skews left,"reliable, analysis/fact reporting",43.02,-7.91,The Village Voice,1,https://adfontesmedia.com/village-voice-bias-and-reliability/
302,https://adfontesmedia.com/vogue-bias-and-reliability/,skews left,"reliable, analysis/fact reporting",40.16,-11.98,Vogue,1,https://adfontesmedia.com/vogue-bias-and-reliability/
303,https://adfontesmedia.com/voice-america-bias-and-reliability/,middle,"reliable, fact reporting",47.1,-3.69,Voice of America,2,https://adfontesmedia.com/voice-america-bias-and-reliability/
304,https://adfontesmedia.com/vox-bias-and-reliability/,skews left,"reliable, analysis/fact reporting",40.86,-10.88,Vox,1,https://adfontesmedia.com/vox-bias-and-reliability/
305,https://adfontesmedia.com/wall-street-journal-bias-and-reliability/,middle,"reliable, analysis/fact reporting",46.0,5.03,Wall Street Journal,2,https://adfontesmedia.com/wall-street-journal-bias-and-reliability/
306,https://adfontesmedia.com/washington-blade-bias-and-reliability/,skews left,"reliable, analysis/fact reporting",42.71,-7.49,Washington Blade,1,https://adfontesmedia.com/washington-blade-bias-and-reliability/
307,https://adfontesmedia.com/washington-examiner-bias-and-reliability/,skews right,"generally reliable, analysis or other issues",34.1,14.84,Washington Examiner,1,https://adfontesmedia.com/washington-examiner-bias-and-reliability/
308,https://adfontesmedia.com/washington-free-beacon-bias-and-reliability/,skews right,"generally reliable, analysis or other issues",38.22,13.5,Washington Free Beacon,1,https://adfontesmedia.com/washington-free-beacon-bias-and-reliability/
309,https://adfontesmedia.com/washington-monthly-bias-and-reliability/,skews left,"mixed reliability, opinion or other issues",29.69,-16.65,Washington Monthly,1,https://adfontesmedia.com/washington-monthly-bias-and-reliability/
310,https://adfontesmedia.com/washington-post-bias-and-reliability/,skews left,"reliable, analysis/fact reporting",43.85,-7.79,Washington Post,1,https://adfontesmedia.com/washington-post-bias-and-reliability/
311,https://adfontesmedia.com/washington-times-bias-and-reliability/,skews right,"generally reliable, analysis or other issues",31.82,14.89,Washington Times,1,https://adfontesmedia.com/washington-times-bias-and-reliability/
312,https://adfontesmedia.com/washingtonian-bias-and-reliability/,middle,"reliable, analysis/fact reporting",43.73,-2.75,Washingtonian,1,https://adfontesmedia.com/washingtonian-bias-and-reliability/
313,https://adfontesmedia.com/watters-world-bias-and-reliability/,hyper-partisan right,"mixed reliability, opinion and other issues",29.33,19.0,Watters World,1,https://adfontesmedia.com/watters-world-bias-and-reliability/
314,https://adfontesmedia.com/weather-channel-bias-and-reliability/,middle,"reliable, fact reporting",49.17,-0.86,The Weather Channel,2,https://adfontesmedia.com/weather-channel-bias-and-reliability/
315,https://adfontesmedia.com/week-bias-and-reliability/,skews left,"generally reliable, analysis or other issues",34.19,-11.46,The Week,1,https://adfontesmedia.com/week-bias-and-reliability/
316,https://adfontesmedia.com/western-journal-bias-reliability/,hyper-partisan right,"mixed reliability, opinion or other issues",29.33,20.18,Western Journal,1,https://adfontesmedia.com/western-journal-bias-reliability/
317,https://adfontesmedia.com/wired-bias-and-reliability/,middle,"reliable, analysis/fact reporting",44.35,-5.26,WIRED,2,https://adfontesmedia.com/wired-bias-and-reliability/
318,https://adfontesmedia.com/wnd-bias-and-reliability/,hyper-partisan right,"unreliable, problematic",22.21,21.28,WND,0,https://adfontesmedia.com/wnd-bias-and-reliability/
319,https://adfontesmedia.com/wonkette-bias-and-reliability/,hyper-partisan left,"unreliable, problematic",17.28,-26.75,Wonkette,0,https://adfontesmedia.com/wonkette-bias-and-reliability/
320,https://adfontesmedia.com/world-truth-tv-bias-and-reliability/,hyper-partisan right,"unreliable, misleading",8.52,25.64,WorldTruth.TV,0,https://adfontesmedia.com/world-truth-tv-bias-and-reliability/
321,https://adfontesmedia.com/zerohedge-bias-and-reliability/,skews right,"mixed reliability, opinion or other issues",28.14,13.78,ZeroHedge,0,https://adfontesmedia.com/zerohedge-bias-and-reliability/
